ID,对应种类,名称,参数,参数2
0,0,内政经验值达到1000,1000,
1,0,内政经验值达到2000,2000,
2,0,内政经验值达到3000,3000,
3,0,内政经验值达到4000,4000,
4,0,内政经验值达到5000,5000,
5,0,内政经验值达到6000,6000,
6,0,内政经验值达到7000,7000,
7,0,内政经验值达到8000,8000,
8,0,内政经验值达到9000,9000,
9,0,内政经验值达到10000,10000,
10,0,内政经验值达到11000,11000,
11,0,内政经验值达到12000,12000,
12,0,内政经验值达到15000,15000,
13,0,内政经验值达到20000,20000,
14,0,内政经验值达到30000,30000,
100,100,武勇经验值达到1000,1000,
101,100,武勇经验值达到2000,2000,
102,100,武勇经验值达到4000,4000,
103,100,武勇经验值达到6000,6000,
104,100,武勇经验值达到8000,8000,
105,100,武勇经验值达到10000,10000,
106,100,武勇经验值达到12000,12000,
107,100,武勇经验值达到15000,15000,
108,100,武勇经验值达到20000,20000,
109,100,武勇经验值达到30000,30000,
110,110,统率经验值达到1000,1000,
111,110,统率经验值达到2000,2000,
112,110,统率经验值达到4000,4000,
113,110,统率经验值达到6000,6000,
114,110,统率经验值达到8000,8000,
115,110,统率经验值达到10000,10000,
116,110,统率经验值达到12000,12000,
117,110,统率经验值达到15000,15000,
118,110,统率经验值达到20000,20000,
119,110,统率经验值达到30000,30000,
120,120,智谋经验值达到1000,1000,
121,120,智谋经验值达到2000,2000,
122,120,智谋经验值达到3000,3000,
123,120,智谋经验值达到4000,4000,
124,120,智谋经验值达到6000,5000,
125,120,智谋经验值达到6000,6000,
126,120,智谋经验值达到8000,8000,
127,120,智谋经验值达到10000,10000,
128,120,智谋经验值达到12000,12000,
129,120,智谋经验值达到15000,15000,
130,130,政治经验值达到1000,1000,
131,130,政治经验值达到2000,2000,
132,130,政治经验值达到4000,4000,
133,130,政治经验值达到6000,6000,
134,130,政治经验值达到8000,8000,
135,130,政治经验值达到10000,10000,
136,130,政治经验值达到12000,12000,
137,130,政治经验值达到15000,15000,
138,130,政治经验值达到20000,20000,
139,130,政治经验值达到30000,30000,
140,140,魅力经验值达到1000,1000,
141,140,魅力经验值达到2000,2000,
142,140,魅力经验值达到3000,3000,
143,140,魅力经验值达到4000,4000,
144,140,魅力经验值达到5000,5000,
149,150,武勇达到60,60,
150,150,武勇达到75,75,
151,150,武勇达到85,85,
152,150,武勇达到90,90,
153,150,武勇达到95,95,
154,150,武勇达到100,100,
155,160,统率达到60,60,
156,160,统率达到65,65,
157,160,统率达到70,70,
158,160,统率达到75,75,
160,160,统率达到80,80,
161,160,统率达到85,85,
162,160,统率达到90,90,
163,160,统率达到95,95,
164,160,统率达到100,100,
165,170,智谋达到70,70,
166,170,智谋达到75,75,
169,170,智谋达到50,50,
170,170,智谋达到80,80,
171,170,智谋达到85,85,
172,170,智谋达到90,90,
173,170,智谋达到95,95,
174,170,智谋达到100,100,
179,180,政治达到70,70,
180,180,政治达到80,80,
181,180,政治达到85,85,
182,180,政治达到90,90,
183,180,政治达到95,95,
184,180,政治达到100,100,
190,190,魅力达到80,80,
191,190,魅力达到85,85,
192,190,魅力达到90,90,
193,190,魅力达到95,95,
194,190,魅力达到100,100,
195,190,魅力达到70,70,
200,200,步兵经验值达到1000,1000,
201,200,步兵经验值达到2000,2000,
202,200,步兵经验值达到4000,4000,
203,200,步兵经验值达到6000,6000,
204,200,步兵经验值达到8000,8000,
205,200,步兵经验值达到10000,10000,
206,200,步兵经验值达到12000,12000,
207,200,步兵经验值达到15000,15000,
208,200,步兵经验值达到20000,20000,
209,200,步兵经验值达到30000,30000,
210,210,弩兵经验值达到1000,1000,
211,210,弩兵经验值达到2000,2000,
212,210,弩兵经验值达到4000,4000,
213,210,弩兵经验值达到6000,6000,
214,210,弩兵经验值达到8000,8000,
215,210,弩兵经验值达到10000,10000,
216,210,弩兵经验值达到12000,12000,
217,210,弩兵经验值达到15000,15000,
218,210,弩兵经验值达到20000,20000,
219,210,弩兵经验值达到30000,30000,
220,220,骑兵经验值达到1000,1000,
221,220,骑兵经验值达到2000,2000,
222,220,骑兵经验值达到4000,4000,
223,220,骑兵经验值达到6000,6000,
224,220,骑兵经验值达到8000,8000,
225,220,骑兵经验值达到10000,10000,
226,220,骑兵经验值达到12000,12000,
227,220,骑兵经验值达到15000,15000,
228,220,骑兵经验值达到20000,20000,
229,220,骑兵经验值达到30000,30000,
230,230,水军经验值达到1000,1000,
231,230,水军经验值达到2000,2000,
232,230,水军经验值达到4000,4000,
233,230,水军经验值达到6000,6000,
234,230,水军经验值达到8000,8000,
235,230,水军经验值达到10000,10000,
236,230,水军经验值达到12000,12000,
237,230,水军经验值达到15000,15000,
238,230,水军经验值达到20000,20000,
239,230,水军经验值达到30000,30000,
240,240,器械经验值达到1000,1000,
241,240,器械经验值达到2000,2000,
242,240,器械经验值达到4000,4000,
243,240,器械经验值达到6000,6000,
244,240,器械经验值达到8000,8000,
245,240,器械经验值达到10000,10000,
246,240,器械经验值达到12000,12000,
247,240,器械经验值达到15000,15000,
248,240,器械经验值达到20000,20000,
249,240,器械经验值达到30000,30000,
300,300,名声达到1000,1000,
301,300,名声达到2000,2000,
302,300,名声达到3000,3000,
303,300,名声达到4000,4000,
304,300,名声达到5000,5000,
305,300,名声达到6000,6000,
306,300,名声达到7000,7000,
307,300,名声达到8000,8000,
308,300,名声达到9000,9000,
309,300,名声达到10000,10000,
310,300,名声达到15000,15000,
311,300,名声达到20000,20000,
312,300,名声达到25000,25000,
313,300,名声达到30000,30000,
314,300,名声达到35000,35000,
315,300,名声达到40000,40000,
316,300,名声达到45000,45000,
317,300,名声达到50000,50000,
318,300,名声达到55000,55000,
319,300,名声达到60000,60000,
320,300,名声达到65000,65000,
321,300,名声达到70000,70000,
322,300,名声达到75000,75000,
323,300,名声达到80000,80000,
324,300,名声达到85000,85000,
325,300,名声达到90000,90000,
326,300,名声达到95000,95000,
327,300,名声达到100000,100000,
328,300,名声达到150000,150000,
350,350,武勇小于80,80,
351,350,武勇小于70,70,
352,350,武勇小于60,60,
353,350,武勇小于50,50,
354,350,武勇小于40,40,
360,360,统率小于80,80,
361,360,统率小于70,70,
362,360,统率小于60,60,
363,360,统率小于50,50,
364,360,统率小于40,40,
370,370,智谋小于80,80,
371,370,智谋小于70,70,
372,370,智谋小于60,60,
373,370,智谋小于50,50,
374,370,智谋小于40,40,
380,380,政治小于80,80,
381,380,政治小于70,70,
382,380,政治小于60,60,
383,380,政治小于50,50,
384,380,政治小于40,40,
390,390,魅力小于80,80,
391,390,魅力小于70,70,
392,390,魅力小于60,60,
393,390,魅力小于50,50,
394,390,魅力小于40,40,
400,400,计略经验达到1000,1000,
401,400,计略经验达到2000,2000,
402,400,计略经验达到3000,3000,
403,400,计略经验达到4000,4000,
404,400,计略经验达到5000,5000,
405,400,计略经验达到6000,6000,
406,400,计略经验达到7000,7000,
407,400,计略经验达到8000,8000,
408,400,计略经验达到10000,10000,
410,410,策略经验达到1000,1000,
411,410,策略经验达到2000,2000,
412,410,策略经验达到3000,3000,
413,410,策略经验达到4000,4000,
414,410,策略经验达到5000,5000,
415,410,策略经验达到6000,6000,
416,410,策略经验达到7000,7000,
417,410,策略经验达到8000,8000,
418,410,策略经验达到10000,10000,
550,550,击破敌军次数达到10次,10,
551,550,击破敌军次数达到20次,20,
552,550,击破敌军次数达到30次,30,
553,550,击破敌军次数达到40次,40,
554,550,击破敌军次数达到50次,50,
555,550,击破敌军次数达到60次,60,
556,550,击破敌军次数达到70次,70,
557,550,击破敌军次数达到80次,80,
558,550,击破敌军次数达到90次,90,
559,550,击破敌军次数达到100次,100,
560,550,击破敌军次数达到120次,120,
561,550,击破敌军次数达到140次,140,
562,550,击破敌军次数达到160次,160,
563,550,击破敌军次数达到180次,180,
570,570,被敌军击破次数达到10次,10,
571,570,被敌军击破次数达到20次,20,
572,570,被敌军击破次数达到30次,30,
573,570,被敌军击破次数达到40次,40,
574,570,被敌军击破次数达到50次,50,
575,570,被敌军击破次数达到60次,60,
576,570,被敌军击破次数达到70次,70,
577,570,被敌军击破次数达到80次,80,
578,570,被敌军击破次数达到90次,90,
579,570,被敌军击破次数达到100次,100,
580,580,被敌军击破次数为0次,0,
590,590,击破敌军次数与被敌军击破次数之和达到100次,100,
591,591,击破敌军次数大于被敌军击破次数,,
592,592,击破敌军次数等于被敌军击破次数,,
593,593,击破敌军次数小于被敌军击破次数,,
594,594,胜率达到90%,0.9,
595,595,胜率未达到90%,0.9,
600,600,性格为鲁莽,1,
601,600,性格为小心,2,
602,600,性格为高傲,3,
603,600,性格为坚韧,4,
604,600,性格为稳健,5,
605,600,性格为冷静,6,
610,610,性格不为鲁莽,1,
611,610,性格不为小心,2,
612,610,性格不为高傲,3,
613,610,性格不为坚韧,4,
614,610,性格不为稳健,5,
615,610,性格不为冷静,6,
620,620,会农业,0,
621,621,可习得农业,0,
625,625,不会农业,0,
626,626,不可习得农业,0,
630,630,拥有超世之杰称号,0,
631,631,可习得超世之杰称号,0,
635,635,没有超世之杰称号,0,
636,636,不可习得超世之杰称号,0,
640,640,会遁走,0,
641,641,可习得遁走,0,
645,645,不会遁走,0,
646,646,不可习得遁走,0,
650,650,懂得农业能力增加100,0,
655,655,不懂得农业能力增加100,0,
660,660,年龄达15,15,
661,660,年龄达20,20,
662,660,年龄达25,25,
663,660,年龄达30,30,
664,660,年龄达35,35,
665,660,年龄达40,40,
666,660,年龄达45,45,
667,660,年龄达50,50,
668,660,年龄达55,55,
669,660,年龄达60,60,
670,670,年龄少于15,15,
671,670,年龄少于20,20,
672,670,年龄少于25,25,
673,670,年龄少于30,30,
674,670,年龄少于35,35,
675,670,年龄少于40,40,
676,670,年龄少于45,45,
677,670,年龄少于50,50,
678,670,年龄少于55,55,
679,670,年龄少于60,60,
705,700,5%的概率,5,
710,700,10%的概率,10,
715,700,15%的概率,15,
720,700,20%的概率,20,
725,700,25%的概率,25,
730,700,30%的概率,30,
735,700,35%的概率,35,
740,700,40%的概率,40,
745,700,45%的概率,45,
750,700,50%的概率,50,
755,700,55%的概率,55,
760,700,60%的概率,60,
765,700,65%的概率,65,
770,700,70%的概率,70,
775,700,75%的概率,75,
780,700,80%的概率,80,
785,700,85%的概率,85,
790,700,90%的概率,90,
795,700,95%的概率,95,
800,800,为在野,,
801,801,不为在野,,
802,802,为势力君主,,
803,803,不为势力君主,,
804,804,为俘虏,,
805,805,不为俘虏,,
806,806,为妃子,,
807,807,不为妃子,,
810,810,子女数目达1,1,
811,810,子女数目达2,2,
812,810,子女数目达3,3,
813,810,子女数目达4,4,
814,810,子女数目达5,5,
815,810,子女数目达6,6,
816,810,子女数目达7,7,
817,810,子女数目达8,8,
818,810,子女数目达9,9,
819,810,子女数目达10,10,
820,820,子女数目少于1,1,
821,820,子女数目少于2,2,
822,820,子女数目少于3,3,
823,820,子女数目少于4,4,
824,820,子女数目少于5,5,
825,820,子女数目少于6,6,
826,820,子女数目少于7,7,
827,820,子女数目少于8,8,
828,820,子女数目少于9,9,
829,820,子女数目少于10,10,
830,830,与达1人生下子女,1,
831,830,与达2人生下子女,2,
832,830,与达3人生下子女,3,
833,830,与达4人生下子女,4,
834,830,与达5人生下子女,5,
835,830,与达6人生下子女,6,
836,830,与达7人生下子女,7,
837,830,与达8人生下子女,8,
838,830,与达9人生下子女,9,
839,830,与达10人生下子女,10,
840,840,与少于1人生下子女,1,
841,840,与少于2人生下子女,2,
842,840,与少于3人生下子女,3,
843,840,与少于4人生下子女,4,
844,840,与少于5人生下子女,5,
845,840,与少于6人生下子女,6,
846,840,与少于7人生下子女,7,
847,840,与少于8人生下子女,8,
848,840,与少于9人生下子女,9,
849,840,与少于10人生下子女,10,
885,885,不是刘备,635,
886,885,不是曹操,343,
887,885,不是孙权,367,
900,900,无法习得,,
901,901,无法出生自带,,
902,902,无法出现于生成武将中,,
910,910,与君主有血缘关系,,
911,911,与君主没有血缘关系,,
912,912,与君主有亲密血缘关系,,
913,913,与君主没有亲密血缘关系,,
914,914,为君主之子女,,
915,915,不为君主之子女,,
916,916,为君主之父母,,
917,917,不为君主之父母,,
918,918,为君主之兄弟姊妹,,
919,919,不为君主之兄弟姊妹,,
920,920,为君主之配偶,,
921,921,不为君主之配偶,,
922,922,与君主性别相同,,
923,923,与君主性别不相同,,
924,924,与君主姓氏相同,,
925,925,与君主姓氏不相同,,
930,930,与君主相性差少于5,5,
931,930,与君主相性差少于10,10,
932,930,与君主相性差少于15,15,
933,930,与君主相性差少于20,20,
934,930,与君主相性差少于25,25,
935,930,与君主相性差少于30,30,
936,930,与君主相性差少于35,35,
937,930,与君主相性差少于40,40,
938,930,与君主相性差少于45,45,
939,930,与君主相性差少于50,50,
940,940,与君主相性差多于5,5,
941,940,与君主相性差多于10,10,
942,940,与君主相性差多于15,15,
943,940,与君主相性差多于20,20,
944,940,与君主相性差多于25,25,
945,940,与君主相性差多于30,30,
946,940,与君主相性差多于35,35,
947,940,与君主相性差多于40,40,
948,940,与君主相性差多于45,45,
949,940,与君主相性差多于50,50,
950,950,亲爱势力君主,,
951,951,不亲爱势力君主,,
952,952,厌恶势力君主,,
953,953,不厌恶势力君主,,
954,954,为君主势力所亲爱,,
955,955,不为君主势力所亲爱,,
956,956,为君主势力所厌恶,,
957,957,不为君主势力所厌恶,,
958,958,为势力君主的义兄弟,,
959,959,不为势力君主的义兄弟,,
970,970,为女性,,
971,971,为男性,,
998,998,为玩家势力,,
999,999,为电脑势力,,
1000,1000,处于混乱状态,,
1001,1001,不处于混乱状态,,
1002,1002,处于埋伏状态,,
1003,1003,不处于埋伏状态,,
1004,1004,士气到顶,,
1005,1005,士气不到顶,,
1006,1006,战意到顶,,
1007,1007,战意不到顶,,
1008,1008,伤兵为0,,
1009,1009,伤兵大于0,,
1010,1010,士气达到90,90,
1011,1010,士气达到80,80,
1012,1010,士气达到100,100,
1015,1015,士气小于90,90,
1016,1015,士气小于80,80,
1020,1020,战意达到100,100,
1021,1020,战意达到50,50,
1025,1025,战意小于100,100,
1026,1025,战意小于50,50,
1027,1025,战意小于10,10,
1030,1030,伤兵达到10个单位,10,
1035,1035,伤兵小于10个单位,10,
1040,1040,部队经验达到500,500,
1045,1045,部队经验小于500,500,
1050,1050,队长是编队的追随将领,,
1060,1060,将领信任度达到500,500,
1065,1065,将领信任度小于500,500,
1100,1100,部队武勇达到80,80,
1105,1105,部队武勇小于80,80,
1110,1110,部队统率达到80,80,
1115,1115,部队统率小于80,80,
1120,1120,部队智谋达到80,80,
1125,1125,部队智谋小于80,80,
1130,1130,部队暴击几率达到20,20,
1135,1135,部队暴击几率小于20,20,
1140,1140,部队抗暴几率达到20,20,
1145,1145,部队抗暴几率小于20,20,
1150,1150,部队暴击致乱几率达到20,20,
1155,1155,部队暴击致乱几率小于20,20,
1160,1160,部队抗围几率达到50,50,
1165,1165,部队抗围几率小于50,50,
1170,1170,部队围攻致乱几率达到10,10,
1175,1175,部队围攻致乱几率小于10,10,
1180,1180,部队计略成功几率达到10,10,
1185,1185,部队计略成功几率小于10,10,
1190,1190,部队计略抵抗几率达到10,10,
1195,1195,部队计略抵抗几率小于10,10,
1200,1200,部队计略致乱几率达到20,20,
1205,1205,部队计略致乱几率小于20,20,
1210,1210,部队伤兵与正常兵力之比例达到0.1,0.1,
1211,1210,部队伤兵与正常兵力之比例达到0.2,0.2,
1212,1210,部队伤兵与正常兵力之比例达到0.3,0.3,
1213,1210,部队伤兵与正常兵力之比例达到0.4,0.4,
1214,1210,部队伤兵与正常兵力之比例达到0.5,0.5,
1215,1215,部队伤兵与正常兵力之比例小于0.1,0.1,
1216,1215,部队伤兵与正常兵力之比例小于0.2,0.2,
1217,1215,部队伤兵与正常兵力之比例小于0.3,0.3,
1218,1215,部队伤兵与正常兵力之比例小于0.4,0.4,
1219,1215,部队伤兵与正常兵力之比例小于0.5,0.5,
1220,1220,部队规模达到5,5,
1221,1220,部队规模达到10,10,
1222,1220,部队规模达到20,20,
1225,1225,部队规模小于5,5,
1226,1225,部队规模小于10,10,
1227,1225,部队规模小于20,20,
1230,1230,士兵数量达到5000,5000,
1231,1230,士兵数量达到10000,10000,
1232,1230,士兵数量达到20000,20000,
1235,1235,士兵数量小于5000,5000,
1236,1235,士兵数量小于10000,10000,
1237,1235,士兵数量小于20000,20000,
1240,1240,部队处于友军建筑视野内,,
1241,1241,部队不处于友军建筑视野内,,
1242,1242,部队处于非友军建筑视野内,,
1243,1243,部队不处于非友军建筑视野内,,
1244,1244,部队视野内包含目标建筑,,
1245,1245,部队视野内不包含目标建筑,,
1246,1246,周边八格内包含目标建筑,,
1247,1247,周边八格内不包含目标建筑,,
1248,1248,攻击范围内包含目标建筑,,
1249,1249,攻击范围内不包含目标建筑,,
1250,1250,周边八格内友军数量达到1,1,
1251,1250,周边八格内友军数量达到2,2,
1252,1250,周边八格内友军数量达到3,3,
1253,1250,周边八格内友军数量达到4,4,
1254,1250,周边八格内友军数量达到5,5,
1255,1255,周边八格内友军数量小于1,1,
1256,1255,周边八格内友军数量小于2,2,
1257,1255,周边八格内友军数量小于3,3,
1258,1255,周边八格内友军数量小于4,4,
1259,1255,周边八格内友军数量小于5,5,
1260,1260,周边八格内非友军数量达到1,1,
1261,1260,周边八格内非友军数量达到2,2,
1262,1260,周边八格内非友军数量达到3,3,
1263,1260,周边八格内非友军数量达到4,4,
1264,1260,周边八格内非友军数量达到5,5,
1265,1265,周边八格内非友军数量小于1,1,
1266,1265,周边八格内非友军数量小于2,2,
1267,1265,周边八格内非友军数量小于3,3,
1268,1265,周边八格内非友军数量小于4,4,
1269,1265,周边八格内非友军数量小于5,5,
1270,1270,视野内友军数量达到1（包括自身）,1,
1271,1270,视野内友军数量达到2（包括自身）,2,
1272,1270,视野内友军数量达到3（包括自身）,3,
1273,1270,视野内友军数量达到4（包括自身）,4,
1274,1270,视野内友军数量达到5（包括自身）,5,
1275,1275,视野内友军数量小于1（包括自身）,1,
1276,1275,视野内友军数量小于2（包括自身）,2,
1277,1275,视野内友军数量小于3（包括自身）,3,
1278,1275,视野内友军数量小于4（包括自身）,4,
1279,1275,视野内友军数量小于5（包括自身）,5,
1280,1280,视野内敌军数量达到1,1,
1281,1280,视野内敌军数量达到2,2,
1282,1280,视野内敌军数量达到3,3,
1283,1280,视野内敌军数量达到4,4,
1284,1280,视野内敌军数量达到5,5,
1285,1285,视野内敌军数量小于1,1,
1286,1285,视野内敌军数量小于2,2,
1287,1285,视野内敌军数量小于3,3,
1288,1285,视野内敌军数量小于4,4,
1289,1285,视野内敌军数量小于5,5,
1290,1290,目标建筑是空城,,
1291,1291,目标建筑不是空城,,
1292,1292,目标建筑属于友方,,
1293,1293,目标建筑不属于友方,,
1294,1294,目标建筑耐久为0,,
1295,1295,目标建筑耐久不为0,,
1300,1300,步兵,0,
1301,1300,弩兵,1,
1302,1300,骑兵,2,
1303,1300,水军,3,
1304,1300,器械,4,
1310,1310,轻步兵,0,
1350,1350,非步兵,0,
1351,1350,非弩兵,1,
1352,1350,非骑兵,2,
1353,1350,非水军,3,
1354,1350,非器械,4,
1360,1360,非轻步兵,0,
1400,1400,部队处于战斗状态,,
1401,1401,部队不处于战斗状态,,
1410,1410,队长勇猛度大于冷静度,,
1411,1411,队长勇猛度等于冷静度,,
1412,1412,队长勇猛度小于冷静度,,
1413,1413,队长勇猛度大于等于冷静度,,
1414,1414,队长勇猛度小于等于冷静度,,
1420,1420,部队处于友军建筑内,,
1421,1421,部队不处于友军建筑内,,
1422,1422,部队处于非友军建筑内,,
1423,1423,部队不处于非友军建筑内,,
1500,1500,视野内处于平原的友军数量达到3（包括自身）,1,3
1501,1500,视野内处于草原的友军数量达到3（包括自身）,2,3
1502,1500,视野内处于森林的友军数量达到3（包括自身）,3,3
1504,1500,视野内处于山地的友军数量达到3（包括自身）,5,3
1505,1500,视野内处于水域的友军数量达到3（包括自身）,6,3
1520,1520,视野内处于平原的非友军数量达到3,1,3
1521,1520,视野内处于草原的非友军数量达到3,2,3
1522,1520,视野内处于森林的非友军数量达到3,3,3
1524,1520,视野内处于山地的非友军数量达到3,5,3
1525,1520,视野内处于水域的非友军数量达到3,6,3
1600,1600,部队里有势力君主,,
1601,1601,部队里没有势力君主,,
1700,1700,部队疲累度达到10,10,
1702,1700,部队疲累度达到90,90,
1705,1705,部队疲累度少于10,10,
1707,1705,部队疲累度少于90,90,
2000,2000,势力里有3个武将武力达到65,3,65
2001,2000,势力里有3个武将武力达到75,3,75
2002,2000,势力里有3个武将武力达到85,3,85
2003,2000,势力里有3个武将武力达到95,3,95
2010,2010,势力里有3个武将统率达到65,3,65
2011,2010,势力里有3个武将统率达到75,3,75
2012,2010,势力里有3个武将统率达到85,3,85
2013,2010,势力里有3个武将统率达到95,3,95
2020,2020,势力里有3个武将智力达到65,3,65
2021,2020,势力里有3个武将智力达到75,3,75
2022,2020,势力里有3个武将智力达到85,3,85
2023,2020,势力里有3个武将智力达到95,3,95
2030,2030,势力里有3个武将政治达到65,3,65
2031,2030,势力里有3个武将政治达到75,3,75
2032,2030,势力里有3个武将政治达到85,3,85
2033,2030,势力里有3个武将政治达到95,3,95
2040,2040,势力里有3个武将魅力达到65,3,65
2041,2040,势力里有3个武将魅力达到75,3,75
2042,2040,势力里有3个武将魅力达到85,3,85
2043,2040,势力里有3个武将魅力达到95,3,95
2100,2100,建筑农业95%满,0.95,
2110,2110,建筑商业95%满,0.95,
2120,2120,建筑技术95%满,0.95,
2130,2130,建筑统治95%满,0.95,
2140,2140,建筑耐久95%满,0.95,
2150,2150,建筑民心95%满,0.95,
2160,2160,建筑人口全满,1,
2200,2200,建筑农业超过500,500,
2210,2210,建筑商业超过500,500,
2220,2220,建筑技术超过500,500,
2230,2230,建筑统治超过80,80,
2240,2240,建筑耐久超过500,500,
2250,2250,建筑民心超过500,500,
2260,2260,建筑人口超过50000,50000,
2261,2260,建筑人口超过150000,150000,
2262,2260,建筑人口超过450000,450000,
2263,2260,建筑人口超过650000,650000,
2370,2300,建筑已进行小型增筑,1,70
2371,2300,建筑已进行中型增筑,1,71
2372,2300,建筑已进行大型增筑,1,72
2373,2300,建筑已设立小型城墙,1,78
2374,2300,建筑已设立中型城墙,1,79
2377,2300,建筑已建设皇宫,1,200
2378,2300,建筑已建设骑士训练营,1,43
2379,2300,建筑已建设幕府,1,41
2380,2300,建筑已经兴建治所,1,0
2381,2300,建筑已经兴建仓曹,1,1
2382,2300,建筑已经兴建金曹,1,2
2383,2300,建筑已经兴建议曹,1,3
2384,2300,建筑已经兴建兵曹,1,4
2385,2300,建筑已经兴建郡司空,1,5
2386,2300,建筑已经兴建户曹,1,6
2387,2300,建筑已经兴建法曹,1,7
2388,2300,建筑已经兴建农田,1,11
2389,2300,建筑已经兴建农具制作所,1,13
2390,2300,建筑已经兴建州府,1,201
2391,2300,建筑已经兴建商行,1,21
2392,2300,建筑已经兴建市集,1,20
2393,2300,建筑已经兴建军营,1,40
2394,2300,建筑已经兴建马场,1,302
2600,2700,为中原城池,20,
2601,2700,为河北城池,21,
2602,2700,为西北城池,22,
2603,2700,为吴越城池,23,
2604,2700,为巴蜀城池,24,
2605,2700,为荆楚城池,25,
2606,2700,为漠北城池,26,
2607,2700,为南中城池,27,
2700,2700,城池为都城,1,
2701,2700,建筑为郡,7,
2702,2700,建筑为国,8,
2703,2700,为港口,3,
2705,2705,不为港口,3,
2706,2705,不为军营,4,
2707,2705,不为关隘,2,
2708,2705,不为都城,1,
2711,2705,不为关隘2,5,
2715,2705,不为荒城,9,
2716,2705,不为关城,10,
2717,2705,不为异族据点,11,
2718,2705,不为中原城池,20,
2719,2705,不为河北城池,21,
2720,2705,不为西北城池,22,
2721,2705,不为吴越城池,23,
2722,2705,不为巴蜀城池,24,
2723,2705,不为荆楚城池,25,
2724,2705,不为漠北城池,26,
2725,2705,不为南中城池,27,
3000,3020,势力技巧达到10,10,
3040,3040,势力官爵达到县令,1,
3041,3040,势力官爵达到校尉,4,
3042,3040,势力官爵达到中郎将,5,
3043,3040,势力官爵达到州牧,8,
3044,3040,势力官爵达到骠骑大将军,10,
3045,3040,势力官爵达到大将军,12,
3046,3040,势力官爵达到王,13,
3047,3040,势力官爵达到皇帝,14,
4000,4000,仕官年达到5,5,
4001,4000,仕官年达到10,10,
4002,4000,仕官年达到20,20,
4005,4005,仕官年少于5,5,
4006,4005,仕官年少于10,10,
4007,4005,仕官年少于20,20,
4010,4010,总士兵伤害达到100000,100000,
4011,4010,总士兵伤害达到200000,200000,
4012,4010,总士兵伤害达到500000,500000,
4013,4010,总士兵伤害达到1000000,1000000,
4015,4015,总士兵伤害少于100000,100000,
4016,4015,总士兵伤害少于200000,200000,
4017,4015,总士兵伤害少于500000,500000,
4018,4015,总士兵伤害少于1000000,1000000,
4020,4020,总受士兵伤害达到100000,100000,
4021,4020,总受士兵伤害达到200000,200000,
4022,4020,总受士兵伤害达到500000,500000,
4023,4020,总受士兵伤害达到1000000,1000000,
4025,4025,总受士兵伤害少于100000,100000,
4026,4025,总受士兵伤害少于200000,200000,
4027,4025,总受士兵伤害少于500000,500000,
4028,4025,总受士兵伤害少于1000000,1000000,
4030,4030,总建筑伤害达到1000,1000,
4031,4030,总建筑伤害达到2000,2000,
4032,4030,总建筑伤害达到5000,5000,
4033,4030,总建筑伤害达到10000,10000,
4035,4035,总建筑伤害少于1000,1000,
4036,4035,总建筑伤害少于2000,2000,
4037,4035,总建筑伤害少于5000,5000,
4038,4035,总建筑伤害少于10000,10000,
4040,4040,反叛数达到1,1,
4041,4040,反叛数达到2,2,
4042,4040,反叛数达到5,5,
4043,4040,反叛数达到10,10,
4045,4045,反叛数少于1,1,
4046,4045,反叛数少于2,2,
4047,4045,反叛数少于5,5,
4048,4045,反叛数少于10,10,
4050,4050,处斩数达到1,1,
4051,4050,处斩数达到5,5,
4052,4050,处斩数达到10,10,
4053,4050,处斩数达到50,50,
4055,4055,处斩数少于1,1,
4056,4055,处斩数少于5,5,
4057,4055,处斩数少于10,10,
4058,4055,处斩数少于50,50,
4060,4060,逃跑数达到1,1,
4061,4060,逃跑数达到5,5,
4062,4060,逃跑数达到10,10,
4063,4060,逃跑数达到20,20,
4065,4065,逃跑数少于1,1,
4066,4065,逃跑数少于5,5,
4067,4065,逃跑数少于10,10,
4068,4065,逃跑数少于20,20,
4070,4070,被俘数达到1,1,
4071,4070,被俘数达到10,10,
4072,4070,被俘数达到50,50,
4073,4070,被俘数达到100,100,
4075,4075,被俘数少于1,1,
4076,4075,被俘数少于10,10,
4077,4075,被俘数少于50,50,
4078,4075,被俘数少于100,100,
4080,4080,俘虏次数达到1,1,
4081,4080,俘虏次数达到10,10,
4082,4080,俘虏次数达到50,50,
4083,4080,俘虏次数达到100,100,
4085,4085,俘虏次数少于1,1,
4086,4085,俘虏次数少于10,10,
4087,4085,俘虏次数少于50,50,
4088,4085,俘虏次数少于100,100,
4090,4090,计略成功次数达到5,5,
4091,4090,计略成功次数达到10,10,
4092,4090,计略成功次数达到20,20,
4093,4090,计略成功次数达到100,100,
4095,4095,计略成功次数少于5,5,
4096,4095,计略成功次数少于10,10,
4097,4095,计略成功次数少于50,50,
4098,4095,计略成功次数少于100,100,
4100,4100,计略失败次数达到5,5,
4101,4100,计略失败次数达到10,10,
4102,4100,计略失败次数达到50,50,
4103,4100,计略失败次数达到100,100,
4105,4105,计略失败次数少于5,5,
4106,4105,计略失败次数少于10,10,
4107,4105,计略失败次数少于50,50,
4108,4105,计略失败次数少于100,100,
4110,4110,计略中计次数达到5,5,
4111,4110,计略中计次数达到10,10,
4112,4110,计略中计次数达到50,50,
4113,4110,计略中计次数达到100,100,
4115,4115,计略中计次数少于5,5,
4116,4115,计略中计次数少于10,10,
4117,4115,计略中计次数少于50,50,
4118,4115,计略中计次数少于100,100,
4120,4120,计略阻挡次数达到5,5,
4121,4120,计略阻挡次数达到10,10,
4122,4120,计略阻挡次数达到20,20,
4123,4120,计略阻挡次数达到100,100,
4125,4125,计略阻挡次数少于5,5,
4126,4125,计略阻挡次数少于10,10,
4127,4125,计略阻挡次数少于50,50,
4128,4125,计略阻挡次数少于100,100,
4130,4130,武将疲累度达到10,10,
4131,4130,武将疲累度达到30,30,
4132,4130,武将疲累度达到90,90,
4135,4135,武将疲累度少于10,10,
4136,4135,武将疲累度少于30,30,
4137,4135,武将疲累度少于90,90,
5000,500,拥有玉玺,3214,
5001,500,拥有大宛马,304,
5002,500,拥有貊弓,1139,
5003,500,拥有孙子兵法,1200,
5010,500,拥有魏王金印,5000,
5011,500,拥有晋王金印,5001,
5012,500,拥有燕王金印,5002,
5013,500,拥有蜀王金印,5003,
5014,500,拥有秦王金印,5004,
5015,500,拥有吴王金印,5005,
5016,500,拥有楚王金印,5006,
5017,500,拥有齐王金印,5007,
5018,500,拥有汉中王金印,5008,
5019,500,拥有越王金印,5009,
5020,500,拥有辽东王金印,5010,
5021,500,拥有南蛮王金印,5011,
5022,500,拥有西凉王金印,5012,
5023,500,拥有漠北王金印,5013,
5050,505,不拥有魏王金印,5000,
5051,505,不拥有晋王金印,5001,
5052,505,不拥有燕王金印,5002,
5053,505,不拥有蜀王金印,5003,
5054,505,不拥有秦王金印,5004,
5055,505,不拥有吴王金印,5005,
5056,505,不拥有楚王金印,5006,
5057,505,不拥有齐王金印,5007,
5058,505,不拥有汉中王金印,5008,
5059,505,不拥有越王金印,5009,
5060,505,不拥有辽东王金印,5010,
5061,505,不拥有南蛮王金印,5011,
5062,505,不拥有西凉王金印,5012,
5063,505,不拥有漠北王金印,5013,
8000,1310,元戎弩兵,301,
8001,1310,陷阵营,200,
8002,1310,白耳兵,201,
8003,1310,虎豹骑,400,
8004,1310,无当飞军,302,
8005,1310,西凉铁骑,401,
8006,1310,先登死士,300,
9998,9998,游戏开始,,
9999,9999,游戏结束,,
11030,1030,伤兵达到35个单位,35,
11100,1100,部队武勇达到95,95,
11101,1100,部队武勇达到98,98,
11102,1100,部队武勇达到90,90,
11110,1110,部队统率达到90,90,
11111,1110,部队统率达到85,85,
11112,1110,部队统率达到95,95,
11120,1120,部队智谋达到95,95,
11121,1120,部队智谋达到98,98,
11122,1120,部队智谋达到90,90,
13065,3065,不拥有青州兵,210,
13066,3065,不拥有陷阵营,200,
22707,4010,士兵伤害达到5000,5000,
22708,4010,士兵伤害达到10000,10000,
22709,4010,士兵伤害达到30000,30000,
22710,4010,士兵伤害达到45000,45000,
22711,4010,士兵伤害达到60000,60000,
24153,630,拥有“关中侯”称号,1171,
24154,630,拥有“名号侯”称号,1172,
24155,630,拥有“都亭侯”称号,1173,
24156,630,拥有“都乡侯”称号,1174,
24157,630,拥有“亭侯”称号,1175,
24158,630,拥有“乡侯”称号,1176,
24159,630,拥有“县侯”称号,1177,
24800,630,拥有“大汉丞相”称号,3000,
24801,630,拥有“魏王”称号,3001,
24802,630,拥有“大魏武帝”称号,3002,
24803,630,拥有“大汉皇叔”称号,3010,
24804,630,拥有“汉中王”称号,3011,
24805,630,拥有“汉昭烈帝”称号,3012,
24806,630,拥有“江东儿郎”称号,3020,
24807,630,拥有“吴王”称号,3021,
24808,630,拥有“东吴大帝”称号,3022,
24850,635,不拥有“大汉丞相”称号,3000,
24851,635,不拥有“魏王”称号,3001,
24852,635,不拥有“大魏武帝”称号,3002,
24853,635,不拥有“大汉皇叔”称号,3010,
24854,635,不拥有“汉中王”称号,3011,
24855,635,不拥有“汉昭烈帝”称号,3012,
24856,635,不拥有“江东儿郎”称号,3020,
24857,635,不拥有“吴王”称号,3021,
24858,635,不拥有“东吴大帝”称号,3022,
30020,3215,不拥有虎牢关,154,
30050,2900,是洛阳,0,
30060,3200,董卓势力,10,
30070,5010,191年之后,191,
30071,5010,192年之后,192,
30080,5015,195年之前,195,
30081,5010,195年,195,
30082,5015,196年之前,196,
30083,5010,197年,197,
30084,5015,198年之前,198,
30101,5020,在每年1月或之后,1,
30102,5020,在每年2月或之后,2,
30103,5020,在每年3月或之后,3,
30104,5020,在每年4月或之后,4,
30105,5020,在每年5月或之后,5,
30106,5020,在每年6月或之后,6,
30107,5020,在每年7月或之后,7,
30108,5020,在每年8月或之后,8,
30109,5020,在每年9月或之后,9,
30110,5020,在每年10月或之后,10,
30111,5020,在每年11月或之后,11,
30112,5020,在每年12月或之后,12,
30152,5025,在每年2月之前,2,
30153,5025,在每年3月之前,3,
30154,5025,在每年4月之前,4,
30155,5025,在每年5月之前,5,
30156,5025,在每年6月之前,6,
30157,5025,在每年7月之前,7,
30158,5025,在每年8月之前,8,
30159,5025,在每年9月之前,9,
30160,5025,在每年10月之前,10,
30161,5025,在每年11月之前,11,
30162,5025,在每年12月之前,12,
30201,5030,在每月1日或之后,1,
30202,5030,在每月2日或之后,2,
30203,5030,在每月3日或之后,3,
30204,5030,在每月4日或之后,4,
30205,5030,在每月5日或之后,5,
30206,5030,在每月6日或之后,6,
30207,5030,在每月7日或之后,7,
30208,5030,在每月8日或之后,8,
30209,5030,在每月9日或之后,9,
30210,5030,在每月10日或之后,10,
30211,5030,在每月11日或之后,11,
30212,5030,在每月12日或之后,12,
30213,5030,在每月13日或之后,13,
30214,5030,在每月14日或之后,14,
30215,5030,在每月15日或之后,15,
30216,5030,在每月16日或之后,16,
30217,5030,在每月17日或之后,17,
30218,5030,在每月18日或之后,18,
30219,5030,在每月19日或之后,19,
30220,5030,在每月20日或之后,20,
30221,5030,在每月21日或之后,21,
30222,5030,在每月22日或之后,22,
30223,5030,在每月23日或之后,23,
30224,5030,在每月24日或之后,24,
30225,5030,在每月25日或之后,25,
30226,5030,在每月26日或之后,26,
30227,5030,在每月27日或之后,27,
30228,5030,在每月28日或之后,28,
30229,5030,在每月29日或之后,29,
30230,5030,在每月30日或之后,30,
30302,5035,在每月2日之前,2,
30303,5035,在每月3日之前,3,
30304,5035,在每月4日之前,4,
30305,5035,在每月5日之前,5,
30306,5035,在每月6日之前,6,
30307,5035,在每月7日之前,7,
30308,5035,在每月8日之前,8,
30309,5035,在每月9日之前,9,
30310,5035,在每月10日之前,10,
30311,5035,在每月11日之前,11,
30312,5035,在每月12日之前,12,
30313,5035,在每月13日之前,13,
30314,5035,在每月14日之前,14,
30315,5035,在每月15日之前,15,
30316,5035,在每月16日之前,16,
30317,5035,在每月17日之前,17,
30318,5035,在每月18日之前,18,
30319,5035,在每月19日之前,19,
30320,5035,在每月20日之前,20,
30321,5035,在每月21日之前,21,
30322,5035,在每月22日之前,22,
30323,5035,在每月23日之前,23,
30324,5035,在每月24日之前,24,
30325,5035,在每月25日之前,25,
30326,5035,在每月26日之前,26,
30327,5035,在每月27日之前,27,
30328,5035,在每月28日之前,28,
30329,5035,在每月29日之前,29,
30330,5035,在每月30日之前,30,
30700,2900,濮阳,19,
30701,3045,爵位未达到皇帝,14,
30710,2900,邺县,127,
30711,2900,晋阳,129,
30712,2900,蓟县,141,
30713,2900,成都,80,
30714,2900,长安,105,
30715,2900,吴县,44,
30716,2900,江陵,10,
30717,2900,临淄,28,
30718,2900,南郑,100,
30719,2900,山越,56,
30720,2900,襄平,147,
30721,2900,南蛮,93,
30722,2900,姑臧,117,
30723,2900,盛乐,155,
30800,630,拥有“魏王”爵位称号,1200,
30801,630,拥有“晋王”爵位称号,1201,
30802,630,拥有“燕王”爵位称号,1202,
30803,630,拥有“蜀王”爵位称号,1203,
30804,630,拥有“秦王”爵位称号,1204,
30805,630,拥有“吴王”爵位称号,1205,
30806,630,拥有“楚王”爵位称号,1206,
30807,630,拥有“齐王”爵位称号,1207,
30808,630,拥有“汉中王”爵位称号,1208,
30809,630,拥有“越王”爵位称号,1209,
30810,630,拥有“辽东王”爵位称号,1210,
30811,630,拥有“南蛮王”爵位称号,1211,
30812,630,拥有“西凉王”爵位称号,1212,
30813,630,拥有“漠北王”爵位称号,1213,
30900,150,武勇达到55,55,
30901,150,武勇达到65,65,
30902,150,武勇达到70,70,
30903,150,武勇达到80,80,
30904,150,武勇达到110,110,
30905,160,统率达到55,55,
30906,160,统率达到110,110,
30907,180,政治达到55,55,
30908,180,政治达到60,60,
30909,180,政治达到65,65,
30910,180,政治达到75,75,
30911,180,政治达到110,110,
30912,4090,计略成功次数达到40,40,
30913,4090,计略成功次数达到60,60,
30914,4090,计略成功次数达到80,80,
30915,630,拥有“机智遁逃”称号,12016,
